{"opening_games": 2, "midgame_positions": 2, "endgame_positions": 2, "total_losses": [0.0027750281151384115, 0.7056179642677307, 0.0015555634163320065]}